model,quant,vlen,batch,stage,schedule,insns_total_per_tok,v_arith_per_tok,vsetvl_per_tok,v_load_per_tok,v_store_per_tok
SmolLM2-135M,Q4_0,128,1,decode,norepack,116412463.375,29606209.75,12983130.0,11920755.75,64529.75
SmolLM2-135M,Q4_0,128,1,prefill,norepack,93457151.5625,26275552.875,10056140.0,9960950.875,65984.875
SmolLM2-135M,Q4_0,128,1,decode,q4_0_8x1,109245962.5,46729786.75,9032189.0,10957672.75,77214.75
SmolLM2-135M,Q4_0,128,1,prefill,q4_0_8x1,60620592.40625,20601484.9375,722924.0,2165930.9375,70916.9375
SmolLM2-135M,Q4_0,128,1,decode,q4_0_8x8,74584252.625,22468459.75,15501407.0,6529024.75,1714053.75
SmolLM2-135M,Q4_0,128,1,prefill,q4_0_8x8,26088843.4375,9313930.9375,4775831.0,1785782.9375,470705.9375
SmolLM2-135M,Q4_0,256,1,decode,norepack,115788585.5,29447596.5,12919651.5,11830785.5,41330.5
SmolLM2-135M,Q4_0,256,1,prefill,norepack,92688518.6875,26104688.15625,9981131.15625,9839745.15625,40038.15625
SmolLM2-135M,Q4_0,256,1,decode,q4_0_16x1,57656738.5,23641751.375,4657349.375,5605940.375,41329.375
SmolLM2-135M,Q4_0,256,1,prefill,q4_0_16x1,35727350.625,10571634.53125,500169.53125,1207507.53125,35584.53125
SmolLM2-135M,Q4_0,256,1,decode,q4_0_8x1,89906669.125,41038499.375,5263877.375,9042932.375,50941.375
SmolLM2-135M,Q4_0,256,1,prefill,q4_0_8x1,59851878.375,20430618.53125,647913.53125,2044723.53125,44968.53125
SmolLM2-135M,Q4_0,256,1,decode,q4_0_8x8,49872573.25,16372820.375,10924391.375,3786356.375,859645.375
SmolLM2-135M,Q4_0,256,1,prefill,q4_0_8x8,21300609.59375,9143064.53125,4109844.53125,768727.53125,243073.53125
SmolLM2-135M,Q4_0,512,1,decode,norepack,115499419.625,29371185.5,12887916.5,11791328.5,32761.5
SmolLM2-135M,Q4_0,512,1,prefill,norepack,92340646.65625,26023789.0625,9943612.0625,9787928.0625,31733.0625
SmolLM2-135M,Q4_0,512,1,decode,q4_0_16x1,47982776.75,20799004.75,2773198.75,4654100.75,31225.75
SmolLM2-135M,Q4_0,512,1,prefill,q4_0_16x1,35379467.21875,10490736.0625,462651.0625,1155691.0625,27280.0625
SmolLM2-135M,Q4_0,512,1,decode,q4_0_32x1,31856048.875,12100423.75,2469727.75,2935604.75,26419.75
SmolLM2-135M,Q4_0,512,1,prefill,q4_0_32x1,21817434.59375,5561244.0625,388779.0625,737083.0625,22588.0625
SmolLM2-135M,Q4_0,512,1,decode,q4_0_8x1,80232631.125,38195752.75,3379726.75,8091092.75,40837.75
SmolLM2-135M,Q4_0,512,1,prefill,q4_0_8x1,59503937.625,20349720.0625,610395.0625,1992907.0625,36664.0625
SmolLM2-135M,Q4_0,1024,1,decode,norepack,115355368.5,29332980.125,12872049.125,11771600.125,28477.125
SmolLM2-135M,Q4_0,1024,1,prefill,norepack,92166759.78125,25983340.09375,9924853.09375,9762020.09375,27581.09375
SmolLM2-135M,Q4_0,1024,1,decode,q4_0_16x1,43173649.875,19377631.875,1831123.875,4178180.875,26173.875
SmolLM2-135M,Q4_0,1024,1,prefill,q4_0_16x1,35205637.34375,10450286.6875,443891.6875,1129782.6875,23127.6875
SmolLM2-135M,Q4_0,1024,1,decode,q4_0_32x1,27046815.125,10679050.875,1527652.875,2459684.875,21367.875
SmolLM2-135M,Q4_0,1024,1,prefill,q4_0_32x1,21643575.8125,5520794.6875,370019.6875,711174.6875,18435.6875
SmolLM2-135M,Q4_0,1024,1,decode,q4_0_64x1,18990591.0,6329863.875,1376020.875,1600436.875,18964.875
SmolLM2-135M,Q4_0,1024,1,prefill,q4_0_64x1,16362271.0625,3056048.6875,333083.6875,501870.6875,16089.6875
SmolLM2-135M,Q4_0,1024,1,decode,q4_0_8x1,75423625.875,36774379.875,2437651.875,7615172.875,35785.875
SmolLM2-135M,Q4_0,1024,1,prefill,q4_0_8x1,59330057.59375,20309270.6875,591635.6875,1966998.6875,32511.6875
Qwen2.5-0.5B,Q4_0,256,1,decode,norepack,398158495.125,102215999.5,46919531.5,42210276.5,70164.5
Qwen2.5-0.5B,Q4_0,256,1,prefill,norepack,295933290.03125,86050989.96875,32783429.96875,32503518.96875,62406.96875
Qwen2.5-0.5B,Q4_0,256,1,decode,q4_0_16x1,216076684.125,87337018.5,21189707.5,21574163.5,70163.5
Qwen2.5-0.5B,Q4_0,256,1,prefill,q4_0_16x1,105193654.96875,35207069.625,1844301.625,4136728.625,55392.625
Qwen2.5-0.5B,Q4_0,256,1,decode,q4_0_8x1,323344350.25,145263442.5,23209739.5,33021011.5,89003.5
Qwen2.5-0.5B,Q4_0,256,1,prefill,q4_0_8x1,184469929.4375,67615645.625,2330157.625,6889912.625,73568.625
Qwen2.5-0.5B,Q4_0,256,1,decode,q4_0_8x8,189997092.125,63115309.5,42063041.5,15514067.5,2782379.5
Qwen2.5-0.5B,Q4_0,256,1,prefill,q4_0_8x8,68066609.65625,30432260.125,13689680.625,2686176.625,723130.625
SmolLM2-360M,Q4_0,256,1,decode,norepack,303979803.0,83155470.875,34428556.875,32629360.875,70432.875
SmolLM2-360M,Q4_0,256,1,prefill,norepack,265377032.375,76883213.0625,29292173.0625,29040525.0625,71125.0625
SmolLM2-360M,Q4_0,256,1,decode,q4_0_16x1,141365773.625,62648153.0,9054355.0,14250209.0,70433.0
SmolLM2-360M,Q4_0,256,1,prefill,q4_0_16x1,96295814.875,31283535.375,1542355.375,3606004.375,63264.375
SmolLM2-360M,Q4_0,256,1,decode,q4_0_8x1,236188315.5,113852393.0,10839955.0,24368609.0,87473.0
SmolLM2-360M,Q4_0,256,1,prefill,q4_0_8x1,167373663.5625,60340195.375,1977955.375,6074404.375,79924.375
SmolLM2-360M,Q4_0,256,1,decode,q4_0_8x8,118321332.625,41237773.0,27505115.0,8893409.0,2468273.0
SmolLM2-360M,Q4_0,256,1,prefill,q4_0_8x8,60865121.40625,27013964.625,12167608.875,2307064.375,662689.375
SmolLM2-135M,Q8_0,256,1,decode,norepack,92391006.5,13024385.5,12919496.5,8513017.5,41322.5
SmolLM2-135M,Q8_0,256,1,prefill,norepack,69865465.34375,10096183.0,9980962.0,6604907.0,40016.0
SmolLM2-135M,Q8_0,256,1,decode,q8_0_16x1,93012194.875,26491040.5,17692919.5,8762882.5,41323.5
SmolLM2-135M,Q8_0,256,1,prefill,q8_0_16x1,46999139.03125,20439172.1875,3487603.1875,1789139.1875,35420.1875
SmolLM2-135M,Q8_0,256,1,decode,q8_0_8x1,181890707.625,52769432.5,35290871.5,17430530.5,54115.5
SmolLM2-135M,Q8_0,256,1,prefill,q8_0_8x1,84750065.75,40666264.1875,6874051.1875,3457091.1875,44912.1875
SmolLM2-135M,Q4_K_M,256,1,decode,norepack,125439506.625,33933625.875,22510570.875,10856193.875,95906.875
SmolLM2-135M,Q4_K_M,256,1,prefill,norepack,102180985.4375,30572687.75,19382121.75,8892795.75,91176.75
SmolLM2-135M,Q4_K_M,256,1,decode,q4_K_16x1,122335929.875,37009903.25,23135680.25,10570281.25,110354.25
SmolLM2-135M,Q4_K_M,256,1,prefill,q4_K_16x1,97682744.9375,30021085.3125,18577631.3125,8103395.0625,43585.3125
SmolLM2-135M,Q4_K_M,256,1,decode,q4_K_8x1,127599348.125,39167037.5,23492238.5,11115191.5,181216.5
SmolLM2-135M,Q4_K_M,256,1,prefill,q4_K_8x1,100485871.4375,31259205.46875,18612496.46875,8217640.21875,49695.46875
Qwen3-0.6B,Q4_0,256,1,decode,norepack,493569568.375,164000457.0,59710032.0,50108617.5,104817.5
Qwen3-0.6B,Q4_0,256,1,prefill,norepack,369914069.6875,108072218.0625,41087099.0,40810367.0625,104063.0625
Qwen3-0.6B,Q4_0,256,1,decode,q4_0_16x1,263771313.75,128328587.25,21470547.0,23993737.75,104817.75
Qwen3-0.6B,Q4_0,256,1,prefill,q4_0_16x1,128192262.25,43490907.9375,1805949.0,4761790.9375,95550.9375
Qwen3-0.6B,Q4_0,256,1,decode,q4_0_8x1,397838487.875,200738507.25,23995731.0,38303113.75,126129.75
Qwen3-0.6B,Q4_0,256,1,prefill,q4_0_8x1,228934093.3125,84676571.9375,2423421.0,8260798.9375,116414.9375
Qwen3-0.6B,Q4_0,256,1,decode,q4_0_8x8,231148647.0,98047498.25,47563729.0,16418185.75,3493041.75
Qwen3-0.6B,Q4_0,256,1,prefill,q4_0_8x8,81540466.15625,37415419.4375,16858860.0,2917886.9375,941838.9375
Qwen3-0.6B,Q8_0,256,1,decode,norepack,383326616.875,56881158.25,56670870.0,37561537.25,104825.25
Qwen3-0.6B,Q8_0,256,1,prefill,norepack,274797097.90625,41323217.0,41086808.0,27342713.0,104057.0
Qwen3-0.6B,Q8_0,256,1,decode,q8_0_16x1,402728374.875,116946214.75,78260872.0,38694567.75,104823.75
Qwen3-0.6B,Q8_0,256,1,prefill,q8_0_16x1,175971349.25,84724240.125,14398263.0,7321817.125,95257.125
Qwen3-0.6B,Q8_0,256,1,decode,q8_0_8x1,796416896.625,233380414.75,156251016.0,77107623.75,135823.75
Qwen3-0.6B,Q8_0,256,1,prefill,q8_0_8x1,333053750.3125,168918096.125,28497207.0,14266073.125,116313.125
SmolLM2-135M,Q4_0,256,2,decode,norepack,116067919.4375,29498858.1875,12955419.1875,11881854.1875,46195.1875
SmolLM2-135M,Q4_0,256,4,decode,norepack,114841869.90625,29498764.75,12955272.75,11881663.25,45987.25
SmolLM2-135M,Q4_0,256,8,decode,norepack,114229126.234375,29498765.21875,12955246.71875,11881614.96875,45930.46875
SmolLM2-135M,Q4_0,256,2,decode,q4_0_16x1,57084247.625,23693012.8125,4693116.8125,5657008.8125,46193.8125
SmolLM2-135M,Q4_0,256,4,decode,q4_0_16x1,47303300.75,16386740.90625,1445114.65625,1705945.40625,41433.40625
SmolLM2-135M,Q4_0,256,8,decode,q4_0_16x1,47236104.34375,16386690.78125,1445012.15625,1705898.53125,41378.03125
SmolLM2-135M,Q4_0,256,2,decode,q4_0_8x1,89336057.625,41089760.8125,5299644.8125,9094000.8125,55805.8125
SmolLM2-135M,Q4_0,256,4,decode,q4_0_8x1,72062554.59375,26505152.90625,1596746.65625,2565193.40625,51045.40625
SmolLM2-135M,Q4_0,256,8,decode,q4_0_8x1,71995389.6875,26505102.78125,1596644.15625,2565146.53125,50990.03125
SmolLM2-135M,Q4_0,256,2,decode,q4_0_8x8,49291728.1875,16424081.8125,10960158.8125,3837424.8125,864509.8125
SmolLM2-135M,Q4_0,256,4,decode,q4_0_8x8,32543241.34375,14920262.90625,5149568.65625,1255585.40625,254355.40625
SmolLM2-135M,Q4_0,256,8,decode,q4_0_8x8,32475439.6875,14920238.65625,5149517.90625,1255538.53125,254300.03125
