type,vlen,N,K,M,schedule,reps,insns_total
q4_0,1024,576,576,1,norepack,2,31157613
q4_0,1024,576,576,1,norepack,10,33527427
q4_0,1024,576,576,32,norepack,2,49889563
q4_0,1024,576,576,32,norepack,10,124166428
q4_0,1024,576,576,1,q4_0_8x1,2,33191983
q4_0,1024,576,576,1,q4_0_8x1,10,34872156
q4_0,1024,576,576,32,q4_0_8x1,2,45298437
q4_0,1024,576,576,32,q4_0_8x1,10,92371770
q4_0,1024,576,576,1,q4_0_16x1,2,32984150
q4_0,1024,576,576,1,q4_0_16x1,10,33836870
q4_0,1024,576,576,32,q4_0_16x1,2,40217111
q4_0,1024,576,576,32,q4_0_16x1,10,66969192
q4_0,1024,576,576,1,q4_0_32x1,2,32860559
q4_0,1024,576,576,1,q4_0_32x1,10,33299423
q4_0,1024,576,576,32,q4_0_32x1,2,37341168
q4_0,1024,576,576,32,q4_0_32x1,10,52669949
q4_0,1024,576,576,1,q4_0_64x1,2,33468293
q4_0,1024,576,576,1,q4_0_64x1,10,33700389
q4_0,1024,576,576,32,q4_0_64x1,2,36888309
q4_0,1024,576,576,32,q4_0_64x1,10,47768070
q4_0,1024,1536,576,1,norepack,2,64104416
q4_0,1024,1536,576,1,norepack,10,70376791
q4_0,1024,1536,576,32,norepack,2,112754523
q4_0,1024,1536,576,32,norepack,10,310606417
q4_0,1024,1536,576,1,q4_0_8x1,2,69501941
q4_0,1024,1536,576,1,q4_0_8x1,10,73940166
q4_0,1024,1536,576,32,q4_0_8x1,2,97853299
q4_0,1024,1536,576,32,q4_0_8x1,10,212664475
q4_0,1024,1536,576,1,q4_0_16x1,2,68947339
q4_0,1024,1536,576,1,q4_0_16x1,10,71179124
q4_0,1024,1536,576,32,q4_0_16x1,2,84302817
q4_0,1024,1536,576,32,q4_0_16x1,10,144923911
q4_0,1024,1536,576,1,q4_0_32x1,2,68617678
q4_0,1024,1536,576,1,q4_0_32x1,10,69745833
q4_0,1024,1536,576,32,q4_0_32x1,2,76633568
q4_0,1024,1536,576,32,q4_0_32x1,10,106792638
q4_0,1024,1536,576,1,q4_0_64x1,2,70238047
q4_0,1024,1536,576,1,q4_0_64x1,10,70814808
q4_0,1024,1536,576,32,q4_0_64x1,2,75425728
q4_0,1024,1536,576,32,q4_0_64x1,10,93720754
q4_0,1024,960,960,1,norepack,2,66269078
q4_0,1024,960,960,1,norepack,10,72597985
q4_0,1024,960,960,32,norepack,2,116054345
q4_0,1024,960,960,32,norepack,10,316499785
q4_0,1024,960,960,1,q4_0_8x1,2,71939326
q4_0,1024,960,960,1,q4_0_8x1,10,76556340
q4_0,1024,960,960,32,q4_0_8x1,2,102919845
q4_0,1024,960,960,32,q4_0_8x1,10,226423023
q4_0,1024,960,960,1,q4_0_16x1,2,71363131
q4_0,1024,960,960,1,q4_0_16x1,10,73685222
q4_0,1024,960,960,32,q4_0_16x1,2,88816849
q4_0,1024,960,960,32,q4_0_16x1,10,155918129
q4_0,1024,960,960,1,q4_0_32x1,2,71020672
q4_0,1024,960,960,1,q4_0_32x1,10,72195079
q4_0,1024,960,960,32,q4_0_32x1,2,80833626
q4_0,1024,960,960,32,q4_0_32x1,10,116224114
q4_0,1024,960,960,1,q4_0_64x1,2,72708820
q4_0,1024,960,960,1,q4_0_64x1,10,73309647
q4_0,1024,960,960,32,q4_0_64x1,2,79578737
q4_0,1024,960,960,32,q4_0_64x1,10,102623633
q4_0,1024,2560,960,1,norepack,2,157702021
q4_0,1024,2560,960,1,norepack,10,174528757
q4_0,1024,2560,960,32,norepack,2,288301258
q4_0,1024,2560,960,32,norepack,10,822500294
q4_0,1024,2560,960,1,q4_0_8x1,2,172794998
q4_0,1024,2560,960,1,q4_0_8x1,10,185061580
q4_0,1024,2560,960,32,q4_0_8x1,2,248864718
q4_0,1024,2560,960,32,q4_0_8x1,10,560374444
q4_0,1024,2560,960,1,q4_0_16x1,2,171258074
q4_0,1024,2560,960,1,q4_0_16x1,10,177404994
q4_0,1024,2560,960,32,q4_0_16x1,2,211256444
q4_0,1024,2560,960,32,q4_0_16x1,10,372361048
q4_0,1024,2560,960,1,q4_0_32x1,2,170344765
q4_0,1024,2560,960,1,q4_0_32x1,10,173431205
q4_0,1024,2560,960,32,q4_0_32x1,2,189967771
q4_0,1024,2560,960,32,q4_0_32x1,10,266510381
q4_0,1024,2560,960,1,q4_0_64x1,2,174846238
q4_0,1024,2560,960,1,q4_0_64x1,10,176403084
q4_0,1024,2560,960,32,q4_0_64x1,2,186621207
q4_0,1024,2560,960,32,q4_0_64x1,10,230242227
q4_0,1024,896,896,1,norepack,2,59194046
q4_0,1024,896,896,1,norepack,10,64729991
q4_0,1024,896,896,32,norepack,2,102773635
q4_0,1024,896,896,32,norepack,10,277931139
q4_0,1024,896,896,1,q4_0_8x1,2,64131096
q4_0,1024,896,896,1,q4_0_8x1,10,68156866
q4_0,1024,896,896,32,q4_0_8x1,2,91367031
q4_0,1024,896,896,32,q4_0_8x1,10,199628415
q4_0,1024,896,896,1,q4_0_16x1,2,63629053
q4_0,1024,896,896,1,q4_0_16x1,10,65655368
q4_0,1024,896,896,32,q4_0_16x1,2,79080645
q4_0,1024,896,896,32,q4_0_16x1,10,138205413
q4_0,1024,896,896,1,q4_0_32x1,2,63330652
q4_0,1024,896,896,1,q4_0_32x1,10,64357031
q4_0,1024,896,896,32,q4_0_32x1,2,72125856
q4_0,1024,896,896,32,q4_0_32x1,10,103625066
q4_0,1024,896,896,1,q4_0_64x1,2,64801211
q4_0,1024,896,896,1,q4_0_64x1,10,65327862
q4_0,1024,896,896,32,q4_0_64x1,2,71032418
q4_0,1024,896,896,32,q4_0_64x1,10,91776066
q4_0,1024,4864,896,1,norepack,2,270863417
q4_0,1024,4864,896,1,norepack,10,300783224
q4_0,1024,4864,896,32,norepack,2,502068798
q4_0,1024,4864,896,32,norepack,10,1452113209
q4_0,1024,4864,896,1,q4_0_8x1,2,297590898
q4_0,1024,4864,896,1,q4_0_8x1,10,319325821
q4_0,1024,4864,896,32,q4_0_8x1,2,429202110
q4_0,1024,4864,896,32,q4_0_8x1,10,972673931
q4_0,1024,4864,896,1,q4_0_16x1,2,294864502
q4_0,1024,4864,896,1,q4_0_16x1,10,305745435
q4_0,1024,4864,896,32,q4_0_16x1,2,362503804
q4_0,1024,4864,896,32,q4_0_16x1,10,639233863
q4_0,1024,4864,896,1,q4_0_32x1,2,293244387
q4_0,1024,4864,896,1,q4_0_32x1,10,298697094
q4_0,1024,4864,896,32,q4_0_32x1,2,324749027
q4_0,1024,4864,896,32,q4_0_32x1,10,451512166
q4_0,1024,4864,896,1,q4_0_64x1,2,301226744
q4_0,1024,4864,896,1,q4_0_64x1,10,303966573
q4_0,1024,4864,896,32,q4_0_64x1,2,318812709
q4_0,1024,4864,896,32,q4_0_64x1,10,387188398
q4_0,1024,1024,1024,1,norepack,2,73827353
q4_0,1024,1024,1024,1,norepack,10,81002488
q4_0,1024,1024,1024,32,norepack,2,130221990
q4_0,1024,1024,1024,32,norepack,10,357659251
q4_0,1024,1024,1024,1,q4_0_8x1,2,80281728
q4_0,1024,1024,1024,1,q4_0_8x1,10,85530653
q4_0,1024,1024,1024,32,q4_0_8x1,2,115237540
q4_0,1024,1024,1024,32,q4_0_8x1,10,254983839
q4_0,1024,1024,1024,1,q4_0_16x1,2,79626254
q4_0,1024,1024,1024,1,q4_0_16x1,10,82264483
q4_0,1024,1024,1024,32,q4_0_16x1,2,99192758
q4_0,1024,1024,1024,32,q4_0_16x1,10,174771051
q4_0,1024,1024,1024,1,q4_0_32x1,2,79236697
q4_0,1024,1024,1024,1,q4_0_32x1,10,80569340
q4_0,1024,1024,1024,32,q4_0_32x1,2,90110213
q4_0,1024,1024,1024,32,q4_0_32x1,10,129610866
q4_0,1024,1024,1024,1,q4_0_64x1,2,81157450
q4_0,1024,1024,1024,1,q4_0_64x1,10,81837557
q4_0,1024,1024,1024,32,q4_0_64x1,2,88682747
q4_0,1024,1024,1024,32,q4_0_64x1,10,114138238
q4_0,1024,3072,1024,1,norepack,2,198651241
q4_0,1024,3072,1024,1,norepack,10,220115526
q4_0,1024,3072,1024,32,norepack,2,365099469
q4_0,1024,3072,1024,32,norepack,10,1047004306
q4_0,1024,3072,1024,1,q4_0_8x1,2,217981072
q4_0,1024,3072,1024,1,q4_0_8x1,10,233672743
q4_0,1024,3072,1024,32,q4_0_8x1,2,314503099
q4_0,1024,3072,1024,32,q4_0_8x1,10,710921086
q4_0,1024,3072,1024,1,q4_0_16x1,2,216014238
q4_0,1024,3072,1024,1,q4_0_16x1,10,223873849
q4_0,1024,3072,1024,32,q4_0_16x1,2,266368327
q4_0,1024,3072,1024,32,q4_0_16x1,10,470282436
q4_0,1024,3072,1024,1,q4_0_32x1,2,214845489
q4_0,1024,3072,1024,1,q4_0_32x1,10,218788300
q4_0,1024,3072,1024,32,q4_0_32x1,2,239120598
q4_0,1024,3072,1024,32,q4_0_32x1,10,334801917
q4_0,1024,3072,1024,1,q4_0_64x1,2,220607418
q4_0,1024,3072,1024,1,q4_0_64x1,10,222592613
q4_0,1024,3072,1024,32,q4_0_64x1,2,234838010
q4_0,1024,3072,1024,32,q4_0_64x1,10,288383799
