type,vlen,N,K,M,schedule,reps,insns_total,v_arith,vsetvl,v_load,v_store
q4_0,256,32,32,32,norepack,2,11596168,19144,8879,6346,250
q4_0,256,32,32,32,norepack,10,12139251,94680,43223,31722,1106
q4_0,256,32,32,1,norepack,2,11425768,854,571,208,64
q4_0,256,32,32,1,norepack,10,11469437,3230,1683,1032,176
q4_0,256,32,32,32,q4_0_8x1,2,11615358,13324,509,1134,350
q4_0,256,32,32,32,q4_0_8x1,10,12129231,65580,1341,5518,1462
q4_0,256,32,32,1,q4_0_8x1,2,11445847,978,349,184,104
q4_0,256,32,32,1,q4_0_8x1,10,11473926,3850,541,768,232
q4_0,256,32,32,32,q4_0_16x1,2,11599280,6796,411,590,222
q4_0,256,32,32,32,q4_0_16x1,10,12048217,32940,859,2798,822
q4_0,256,32,32,1,q4_0_16x1,2,11445321,630,335,116,100
q4_0,256,32,32,1,q4_0_16x1,10,11470702,2110,479,428,212
q4_0,256,32,32,32,q4_0_8x8,2,11500810,6538,2989,430,558
q4_0,256,32,32,32,q4_0_8x8,10,11580859,31650,13725,1742,2246
q4_0,256,32,32,1,q4_0_8x8,2,11440052,488,461,144,184
q4_0,256,32,32,1,q4_0_8x8,10,11465155,1400,1085,312,376
q4_0,256,64,64,64,norepack,2,12499066,141192,59055,49930,826
q4_0,256,64,64,64,norepack,10,15418975,704920,294103,249642,3986
q4_0,256,64,64,1,norepack,2,11612557,2466,1221,790,70
q4_0,256,64,64,1,norepack,10,11685414,11290,4933,3942,206
q4_0,256,64,64,64,q4_0_8x1,2,12435071,103692,1877,8858,1226
q4_0,256,64,64,64,q4_0_8x1,10,14911856,517420,8085,43706,5410
q4_0,256,64,64,1,q4_0_8x1,2,11649455,3062,451,702,222
q4_0,256,64,64,1,q4_0_8x1,10,11693316,14270,955,2926,390
q4_0,256,64,64,64,q4_0_16x1,2,12307741,51980,1101,4506,714
q4_0,256,64,64,64,q4_0_16x1,10,14274498,258860,4237,21946,2850
q4_0,256,64,64,1,q4_0_16x1,2,11646977,1678,395,430,214
q4_0,256,64,64,1,q4_0_16x1,10,11680296,7350,707,1566,350
q4_0,256,64,64,64,q4_0_8x8,2,11895029,47082,20705,2714,2570
q4_0,256,64,64,64,q4_0_8x8,10,12301536,234370,102161,11962,11106
q4_0,256,64,64,1,q4_0_8x8,2,11624884,1108,911,542,542
q4_0,256,64,64,1,q4_0_8x8,10,11656241,4500,3191,1102,966
q4_0,256,128,128,128,norepack,2,17584258,1088008,431663,396298,3130
q4_0,256,128,128,128,norepack,10,35946151,5439000,2157143,1981482,15506
q4_0,256,128,128,1,norepack,2,12351886,8762,3673,3106,82
q4_0,256,128,128,1,norepack,10,12523103,42770,17193,15522,266
q4_0,256,128,128,128,q4_0_8x1,2,16577730,823564,12725,70218,4730
q4_0,256,128,128,128,q4_0_8x1,10,30400496,4116780,61941,348778,21202
q4_0,256,128,128,1,q4_0_8x1,2,12460999,11358,847,2770,674
q4_0,256,128,128,1,q4_0_8x1,10,12566880,55750,2551,11538,922
q4_0,256,128,128,128,q4_0_16x1,2,15567273,411916,6549,35402,2682
q4_0,256,128,128,128,q4_0_16x1,10,25347292,2058540,31189,174698,10962
q4_0,256,128,128,1,q4_0_16x1,2,12450819,5838,623,1682,658
q4_0,256,128,128,1,q4_0_16x1,10,12515452,28150,1559,6098,842
q4_0,256,128,128,128,q4_0_8x8,2,13744992,361546,159601,19018,14202
q4_0,256,128,128,128,q4_0_8x8,10,16588870,1806690,796065,88682,64466
q4_0,256,128,128,1,q4_0_8x8,2,12361378,3548,2699,2130,1954
q4_0,256,128,128,1,q4_0_8x8,10,12416663,16700,11555,4242,3226
q4_0,256,256,256,256,norepack,2,49854919,8545032,3298095,3158026,12346
q4_0,256,256,256,256,norepack,10,177636346,42724120,16489303,15790122,61586
q4_0,256,256,256,1,norepack,2,15289978,33642,13185,12346,106
q4_0,256,256,256,1,norepack,10,15825051,167170,64753,61722,386
q4_0,256,256,256,256,q4_0_8x1,2,40168015,6570252,99125,559370,18746
q4_0,256,256,256,256,q4_0_8x1,10,127391801,32850220,492405,2787626,84370
q4_0,256,256,256,1,q4_0_8x1,2,15694646,44462,2407,11034,2442
q4_0,256,256,256,1,q4_0_8x1,10,16046793,221270,8815,45946,2850
q4_0,256,256,256,256,q4_0_16x1,2,32120066,3285260,49845,280842,10554
q4_0,256,256,256,256,q4_0_16x1,10,87149293,16425260,246517,1394986,43410
q4_0,256,256,256,1,q4_0_16x1,2,15654212,22414,1511,6682,2410
q4_0,256,256,256,1,q4_0_16x1,10,15842301,111030,4847,24186,2690
q4_0,256,256,256,256,q4_0_8x8,2,23435621,2837898,1259825,141578,89402
q4_0,256,256,256,256,q4_0_8x8,10,45130323,14188450,6294881,682282,421266
q4_0,256,256,256,1,q4_0_8x8,2,15294867,13228,9827,8474,7562
q4_0,256,256,256,1,q4_0_8x8,10,15444230,65100,44891,16762,12066
q4_0,256,512,512,512,norepack,2,274311204,67732744,25773359,25214986,49210
q4_0,256,512,512,512,norepack,10,1221335631,338662680,128865623,126074922,245906
q4_0,256,512,512,1,norepack,2,27005379,132554,50641,49258,154
q4_0,256,512,512,1,norepack,10,28901892,661730,252033,246282,626
q4_0,256,512,512,512,q4_0_8x1,2,190581748,52494604,788789,4465674,74810
q4_0,256,512,512,512,q4_0_8x1,10,795688346,262471980,3934581,22291498,337042
q4_0,256,512,512,1,q4_0_8x1,2,28611880,176718,8599,44074,9434
q4_0,256,512,512,1,q4_0_8x1,10,29945019,882550,33631,183498,10162
q4_0,256,512,512,512,q4_0_16x1,2,126342831,26247436,395061,2237450,42042
q4_0,256,512,512,512,q4_0_16x1,10,474482782,131236140,1967989,11150378,173202
q4_0,256,512,512,1,q4_0_16x1,2,28451042,88590,5015,26666,9370
q4_0,256,512,512,1,q4_0_16x1,10,29130271,441910,17759,96458,9842
q4_0,256,512,512,512,q4_0_8x8,2,80408276,22491658,10018609,1090570,619578
q4_0,256,512,512,512,q4_0_8x8,10,250415032,112457250,50079585,5350442,2995346
q4_0,256,512,512,1,q4_0_8x8,2,27011589,51788,38291,33834,29914
q4_0,256,512,512,1,q4_0_8x8,10,27533432,257900,177995,66762,47026
